volume,part,chapter,value,paragraph,emphasis,character
Том первый,Часть первая,III,3,"Князь Андрей зажмурился и отвернулся. Пьер, со времени входа князя Андрея в гостиную не спускавший с него радостных, дружелюбных глаз, подошел к нему и взял его за руку. Князь Андрей, не оглядываясь, сморщил лицо в гримасу, выражавшую досаду на того, кто трогает его за руку, но, увидав улыбающееся лицо Пьера, улыбнулся неожиданно-доброй и приятной улыбкой.","Князь Андрей зажмурился и отвернулся. Пьер, со времени входа князя Андрея в гостиную не спускавший с него РАДОСТНЫХ, дружелюбных глаз, подошел к нему и взял его за руку. Князь Андрей, не оглядываясь, сморщил лицо в гримасу, выражавшую досаду на того, кто трогает его за руку, но, увидав улыбающееся лицо Пьера, улыбнулся неожиданно-доброй и приятной улыбкой.",Андрей Болконский
Том первый,Часть первая,XXIII,23,"Старик находился в хорошем расположении духа после дообеденного сна. (Он говорил, что после обеда серебряный сон, а до обеда золотой.) Он радостно из-под своих густых нависших бровей косился на сына. Князь Андрей подошел и поцеловал отца в указанное им место. Он не отвечал на любимую тему разговора отца — подтруниванье над теперешними военными людьми, а особенно над Бонапартом.","Старик находился в хорошем расположении духа после дообеденного сна. (Он говорил, что после обеда серебряный сон, а до обеда золотой.) Он РАДОСТНО из-под своих густых нависших бровей косился на сына. Князь Андрей подошел и поцеловал отца в указанное им место. Он не отвечал на любимую тему разговора отца — подтруниванье над теперешними военными людьми, а особенно над Бонапартом.",Андрей Болконский
Том первый,Часть первая,XXIV,24,"И разговор зашел опять о войне, о Бонапарте и нынешних генералах и государственных людях. Старый князь, казалось, был убежден не только в том, что все теперешние деятели были мальчишки, не смыслившие и азбуки военного и государственного дела, и что Бонапарте был ничтожный французишка, имевший успех только потому, что уже не было Потемкиных и Суворовых противопоставить ему; но он был убежден даже, что никаких политических затруднений не было в Европе, не было и войны, а была какая-то кукольная комедия, в которую играли нынешние люди, притворяясь, что делают дело. Князь Андрей весело выдерживал насмешки отца над новыми людьми и с видимою радостью вызывал отца на разговор и слушал его.","И разговор зашел опять о войне, о Бонапарте и нынешних генералах и государственных людях. Старый князь, казалось, был убежден не только в том, что все теперешние деятели были мальчишки, не смыслившие и азбуки военного и государственного дела, и что Бонапарте был ничтожный французишка, имевший успех только потому, что уже не было Потемкиных и Суворовых противопоставить ему; но он был убежден даже, что никаких политических затруднений не было в Европе, не было и войны, а была какая-то кукольная комедия, в которую играли нынешние люди, притворяясь, что делают дело. Князь Андрей весело выдерживал насмешки отца над новыми людьми и с видимою РАДОСТЬЮ вызывал отца на разговор и слушал его.",Андрей Болконский
Том первый,Часть первая,XXIV,24,"— Это кто тебе сказал? Кто сказал? — крикнул князь. — Суворов! — И он отбросил тарелку, которую живо подхватил Тихон. — Суворов!.. Подумавши, князь Андрей. Два: Фридрих и Суворов... Моро! Моро был бы в плену, коли бы у Суворова руки свободны были; а у него на руках сидели хофс-кригс-вурст-шнапс-рат. Ему черт не рад. Вот пойдете, эти хофс-кригс-вурстраты узнаете! Суворов с ними не сладил, так уж где ж Михаиле Кутузову сладить?! Нет, дружок, — продолжал он, — вам с своими генералами против Бонапарте не обойтись; надо французов взять, чтобы своя своих не познаша и своя своих побиваша. Немца Палена в Новый-Йорк, в Америку, за французом Моро послали, — сказал он, намекая на приглашение, которое в этом году было сделано Моро вступить в русскую службу. — Чудеса!! Что, Потемкины, Суворовы, Орловы разве немцы были? Нет, брат, либо там вы все с ума сошли, либо я из ума выжил. Дай вам Бог, а мы посмотрим. Бонапарте у них стал полководец великий! Гм!..","— Это кто тебе сказал? Кто сказал? — крикнул князь. — Суворов! — И он отбросил тарелку, которую живо подхватил Тихон. — Суворов!.. Подумавши, князь Андрей. Два: Фридрих и Суворов... Моро! Моро был бы в плену, коли бы у Суворова руки свободны были; а у него на руках сидели хофс-кригс-вурст-шнапс-рат. Ему черт не РАД. Вот пойдете, эти хофс-кригс-вурстраты узнаете! Суворов с ними не сладил, так уж где ж Михаиле Кутузову сладить?! Нет, дружок, — продолжал он, — вам с своими генералами против Бонапарте не обойтись; надо французов взять, чтобы своя своих не познаша и своя своих побиваша. Немца Палена в Новый-Йорк, в Америку, за французом Моро послали, — сказал он, намекая на приглашение, которое в этом году было сделано Моро вступить в русскую службу. — Чудеса!! Что, Потемкины, Суворовы, Орловы разве немцы были? Нет, брат, либо там вы все с ума сошли, либо я из ума выжил. Дай вам Бог, а мы посмотрим. Бонапарте у них стал полководец великий! Гм!..",Андрей Болконский
Том первый,Часть первая,XXV,25,"— Ежели он не в два пуда и шеи не оттянет... Чтобы тебе сделать удовольствие... — сказал князь Андрей, но в ту же секунду, заметив огорченное выражение, которое приняло лицо сестры при этой шутке, он раскаялся. — Очень рад, право, очень рад, мой друг, — прибавил он.","— Ежели он не в два пуда и шеи не оттянет... Чтобы тебе сделать удовольствие... — сказал князь Андрей, но в ту же секунду, заметив огорченное выражение, которое приняло лицо сестры при этой шутке, он раскаялся. — Очень РАД, право, очень РАД, мой друг, — прибавил он.",Андрей Болконский
Том первый,Часть вторая,III,28,"Князь Андрей был один из тех редких офицеров в штабе, который полагал свой главный интерес в общем ходе военного дела. Увидав Мака и услыхав подробности его погибели, он понял, что половина кампании проиграна, понял всю трудность положения русских войск и живо вообразил себе то, что ожидает армию, и ту роль, которую он должен будет играть в ней. Невольно он испытывал волнующее радостное чувство при мысли о посрамлении самонадеянной Австрии и о том, что через неделю, может быть, придется ему увидеть и принять участие в столкновении русских с французами, впервые после Суворова. Но он боялся гения Бонапарта, который мог оказаться сильнее всей храбрости русских войск, и вместе с тем не мог допустить позора для своего героя.","Князь Андрей был один из тех редких офицеров в штабе, который полагал свой главный интерес в общем ходе военного дела. Увидав Мака и услыхав подробности его погибели, он понял, что половина кампании проиграна, понял всю трудность положения русских войск и живо вообразил себе то, что ожидает армию, и ту роль, которую он должен будет играть в ней. Невольно он испытывал волнующее РАДОСТНОЕ чувство при мысли о посрамлении самонадеянной Австрии и о том, что через неделю, может быть, придется ему увидеть и принять участие в столкновении русских с французами, впервые после Суворова. Но он боялся гения Бонапарта, который мог оказаться сильнее всей храбрости русских войск, и вместе с тем не мог допустить позора для своего героя.",Андрей Болконский
Том первый,Часть вторая,IX,34,"Ночь была темная, звездная; дорога чернелась между белевшим снегом, выпавшим накануне, в день сражения. То перебирая впечатления прошедшего сражения, то радостно воображая впечатление, которое он произведет известием о победе, вспоминая проводы главнокомандующего и товарищей, князь Андрей скакал в почтовой бричке, испытывая чувство человека, долго ждавшего, и, наконец, достигшего начала желаемого счастия. Как скоро он закрывал глаза, в ушах его раздавалась пальба ружей и орудий, которая сливалась со стуком колес и впечатлением победы. То ему начинало представляться, что русские бегут, что он сам убит; но он поспешно просыпался, со счастием как будто вновь узнавал, что ничего этого не было и что, напротив, французы бежали. Он снова вспоминал все подробности победы, свое спокойное мужество во время сражения и, успокоившись, задремывал... После темной звездной ночи наступило яркое, веселое утро. Снег таял на солнце, лошади быстро скакали, и безразлично вправе и влеве проходили новые разнообразные леса, поля, деревни.","Ночь была темная, звездная; дорога чернелась между белевшим снегом, выпавшим накануне, в день сражения. То перебирая впечатления прошедшего сражения, то РАДОСТНО воображая впечатление, которое он произведет известием о победе, вспоминая проводы главнокомандующего и товарищей, князь Андрей скакал в почтовой бричке, испытывая чувство человека, долго ждавшего, и, наконец, достигшего начала желаемого счастия. Как скоро он закрывал глаза, в ушах его раздавалась пальба ружей и орудий, которая сливалась со стуком колес и впечатлением победы. То ему начинало представляться, что русские бегут, что он сам убит; но он поспешно просыпался, со счастием как будто вновь узнавал, что ничего этого не было и что, напротив, французы бежали. Он снова вспоминал все подробности победы, свое спокойное мужество во время сражения и, успокоившись, задремывал... После темной звездной ночи наступило яркое, веселое утро. Снег таял на солнце, лошади быстро скакали, и безразлично вправе и влеве проходили новые разнообразные леса, поля, деревни.",Андрей Болконский
Том первый,Часть вторая,IX,34,"Дежурный флигель-адъютант, встретивший князя Андрея, попросил его подождать и пошел к военному министру. Через пять минут флигель-адъютант вернулся и, особенно учтиво наклонясь и пропуская князя Андрея вперед себя, провел его через коридор в кабинет, где занимался военный министр. Флигель-адъютант своею изысканной учтивостью, казалось, хотел оградить себя от попыток фамильярности русского адъютанта. Радостное чувство князя Андрея значительно ослабело, когда он подходил к двери кабинета военного министра. Он почувствовал себя оскорбленным, и чувство оскорбления перешло в то же мгновение незаметно для него самого в чувство презрения, ни на чем не основанного. Находчивый же ум в то же мгновение подсказал ему ту точку зрения, с которой он имел право презирать и адъютанта и военного министра. «Им, должно быть, очень легко покажется одерживать победы, не нюхая пороха!» — подумал он. Глаза его презрительно прищурились; он особенно медленно вошел в кабинет военного министра. Чувство это еще более усилилось, когда он увидал военного министра, сидевшего над большим столом и в первые две минуты не обращавшего внимания на вошедшего. Военный министр опустил свою лысую, с седыми висками, голову между двух восковых свечей и читал, отмечая карандашом, бумаги. Он дочитывал, не поднимая головы, в то время как отворилась дверь и послышались шаги.","Дежурный флигель-адъютант, встретивший князя Андрея, попросил его подождать и пошел к военному министру. Через пять минут флигель-адъютант вернулся и, особенно учтиво наклонясь и пропуская князя Андрея вперед себя, провел его через коридор в кабинет, где занимался военный министр. Флигель-адъютант своею изысканной учтивостью, казалось, хотел оградить себя от попыток фамильярности русского адъютанта. РАДОСТНОЕ чувство князя Андрея значительно ослабело, когда он подходил к двери кабинета военного министра. Он почувствовал себя оскорбленным, и чувство оскорбления перешло в то же мгновение незаметно для него самого в чувство презрения, ни на чем не основанного. Находчивый же ум в то же мгновение подсказал ему ту точку зрения, с которой он имел право презирать и адъютанта и военного министра. «Им, должно быть, очень легко покажется одерживать победы, не нюхая пороха!» — подумал он. Глаза его презрительно прищурились; он особенно медленно вошел в кабинет военного министра. Чувство это еще более усилилось, когда он увидал военного министра, сидевшего над большим столом и в первые две минуты не обращавшего внимания на вошедшего. Военный министр опустил свою лысую, с седыми висками, голову между двух восковых свечей и читал, отмечая карандашом, бумаги. Он дочитывал, не поднимая головы, в то время как отворилась дверь и послышались шаги.",Андрей Болконский
Том первый,Часть вторая,XI,36,"— Ну, вот что, господа, — сказал Билибин. — Болконский мой гость в доме и здесь в Брюнне, и я хочу его угостить, сколько могу, всеми радостями здешней жизни. Ежели бы мы были в Вене, это было бы легко; но здесь, dans ce vilain trou morave 6, это труднее, и я прошу у всех вас помощи. Il faut lui faire les honneurs de Brunn 7. Вы возьмите на себя театр, я — общество, вы, Ипполит, разумеется, — женщин.","— Ну, вот что, господа, — сказал Билибин. — Болконский мой гость в доме и здесь в Брюнне, и я хочу его угостить, сколько могу, всеми РАДОСТЯМИ здешней жизни. Ежели бы мы были в Вене, это было бы легко; но здесь, dans ce vilain trou morave 6, это труднее, и я прошу у всех вас помощи. Il faut lui faire les honneurs de Brunn 7. Вы возьмите на себя театр, я — общество, вы, Ипполит, разумеется, — женщин.",Андрей Болконский
Том первый,Часть вторая,XII,37,"Вопреки словам Билибина, известие, привезенное им, было принято радостно. Назначено было благодарственное молебствие. Кутузов был награжден Марией-Терезией большого креста, и вся армия получила награды. Болконский получал приглашения со всех сторон и все утро должен был делать визиты главным сановникам Австрии. Окончив свои визиты в пятом часу вечера, мысленно сочиняя письмо отцу о сражении и о своей поездке в Брюнн, князь Андрей возвращался домой к Билибину. Прежде чем ехать к Билибину, князь Андрей поехал в книжную лавку запастись на поход книгами и засиделся в лавке. У крыльца дома, занимаемого Билибиным, стояла до половины уложенная вещами бричка, и Франц, слуга Билибина, с трудом таща чемодан, вышел из двери.","Вопреки словам Билибина, известие, привезенное им, было принято РАДОСТНО. Назначено было благодарственное молебствие. Кутузов был награжден Марией-Терезией большого креста, и вся армия получила награды. Болконский получал приглашения со всех сторон и все утро должен был делать визиты главным сановникам Австрии. Окончив свои визиты в пятом часу вечера, мысленно сочиняя письмо отцу о сражении и о своей поездке в Брюнн, князь Андрей возвращался домой к Билибину. Прежде чем ехать к Билибину, князь Андрей поехал в книжную лавку запастись на поход книгами и засиделся в лавке. У крыльца дома, занимаемого Билибиным, стояла до половины уложенная вещами бричка, и Франц, слуга Билибина, с трудом таща чемодан, вышел из двери.",Андрей Болконский
Том первый,Часть вторая,XII,37,"Вопреки словам Билибина, известие, привезенное им, было принято радостно. Назначено было благодарственное молебствие. Кутузов был награжден Марией-Терезией большого креста, и вся армия получила награды. Болконский получал приглашения со всех сторон и все утро должен был делать визиты главным сановникам Австрии. Окончив свои визиты в пятом часу вечера, мысленно сочиняя письмо отцу о сражении и о своей поездке в Брюнн, князь Андрей возвращался домой к Билибину. Прежде чем ехать к Билибину, князь Андрей поехал в книжную лавку запастись на поход книгами и засиделся в лавке. У крыльца дома, занимаемого Билибиным, стояла до половины уложенная вещами бричка, и Франц, слуга Билибина, с трудом таща чемодан, вышел из двери.","Вопреки словам Билибина, известие, привезенное им, было принято РАДОСТНО. Назначено было благодарственное молебствие. Кутузов был награжден Марией-Терезией большого креста, и вся армия получила награды. Болконский получал приглашения со всех сторон и все утро должен был делать визиты главным сановникам Австрии. Окончив свои визиты в пятом часу вечера, мысленно сочиняя письмо отцу о сражении и о своей поездке в Брюнн, князь Андрей возвращался домой к Билибину. Прежде чем ехать к Билибину, князь Андрей поехал в книжную лавку запастись на поход книгами и засиделся в лавке. У крыльца дома, занимаемого Билибиным, стояла до половины уложенная вещами бричка, и Франц, слуга Билибина, с трудом таща чемодан, вышел из двери.",Андрей Болконский
Том первый,Часть вторая,XVII,42,"Выражение «Началось! вот оно!» было даже и на крепком карем лице князя Багратиона с полузакрытыми, мутными, как будто невыспавшимися глазами. Князь Андрей с беспокойным любопытством вглядывался в это неподвижное лицо, и ему хотелось знать, думает ли и чувствует, и что думает, что чувствует этот человек в эту минуту? «Есть ли вообще что-нибудь там, за этим неподвижным лицом?» — спрашивал себя князь Андрей, глядя на него. Князь Багратион наклонил голову, в знак согласия на слова князя Андрея, и сказал «хорошо» с таким выражением, как будто все то, что происходило и что ему сообщали, было именно то, что он уже предвидел. Князь Андрей, запыхавшись от быстроты езды, говорил быстро. Князь Багратион произносил слова с своим восточным акцентом особенно медленно, как бы внушая, что торопиться некуда. Он тронул, однако, рысью свою лошадь по направлению к батарее Тушина. Князь Андрей вместе с свитой поехал за ним. За князем Багратионом ехали: свитский офицер, личный адъютант князя Жерков, ординарец, дежурный штаб-офицер на энглизированной красивой лошади и статский чиновник, аудитор, который из любопытства попросился ехать в сражение. Аудитор, полный мужчина с полным лицом, с наивною улыбкой радости оглядывался вокруг, трясясь на своей лошади, представляя странный вид в своей камлотовой шинели на фурштатском седле, среди гусар, казаков и адъютантов.","Выражение «Началось! вот оно!» было даже и на крепком карем лице князя Багратиона с полузакрытыми, мутными, как будто невыспавшимися глазами. Князь Андрей с беспокойным любопытством вглядывался в это неподвижное лицо, и ему хотелось знать, думает ли и чувствует, и что думает, что чувствует этот человек в эту минуту? «Есть ли вообще что-нибудь там, за этим неподвижным лицом?» — спрашивал себя князь Андрей, глядя на него. Князь Багратион наклонил голову, в знак согласия на слова князя Андрея, и сказал «хорошо» с таким выражением, как будто все то, что происходило и что ему сообщали, было именно то, что он уже предвидел. Князь Андрей, запыхавшись от быстроты езды, говорил быстро. Князь Багратион произносил слова с своим восточным акцентом особенно медленно, как бы внушая, что торопиться некуда. Он тронул, однако, рысью свою лошадь по направлению к батарее Тушина. Князь Андрей вместе с свитой поехал за ним. За князем Багратионом ехали: свитский офицер, личный адъютант князя Жерков, ординарец, дежурный штаб-офицер на энглизированной красивой лошади и статский чиновник, аудитор, который из любопытства попросился ехать в сражение. Аудитор, полный мужчина с полным лицом, с наивною улыбкой РАДОСТИ оглядывался вокруг, трясясь на своей лошади, представляя странный вид в своей камлотовой шинели на фурштатском седле, среди гусар, казаков и адъютантов.",Андрей Болконский
Том первый,Часть третья,VII,53,"Берг воспользовался случаем спросить с особенною учтивостию, будут ли выдавать теперь, как слышно было, удвоенное фуражное армейским ротным командирам? На это князь Андрей с улыбкой отвечал, что он не может судить о столь важных государственных распоряжениях, и Берг радостно рассмеялся.","Берг воспользовался случаем спросить с особенною учтивостию, будут ли выдавать теперь, как слышно было, удвоенное фуражное армейским ротным командирам? На это князь Андрей с улыбкой отвечал, что он не может судить о столь важных государственных распоряжениях, и Берг РАДОСТНО рассмеялся.",Андрей Болконский
Том первый,Часть третья,IX,55,"— Ах, какая досада! — сказал Долгоруков, поспешно вставая и пожимая руки князя Андрея и Бориса. — Вы знаете, я очень рад сделать все, что от меня зависит, и для вас, и для этого милого молодого человека. — Он еще раз пожал руку Бориса с выражением добродушного, искреннего и оживленного легкомыслия. — Но вы видите... до другого раза!","— Ах, какая досада! — сказал Долгоруков, поспешно вставая и пожимая руки князя Андрея и Бориса. — Вы знаете, я очень РАД сделать все, что от меня зависит, и для вас, и для этого милого молодого человека. — Он еще раз пожал руку Бориса с выражением добродушного, искреннего и оживленного легкомыслия. — Но вы видите... до другого раза!",Андрей Болконский
Том первый,Часть третья,XIX,65,"Князь Андрей понял, что это было сказано о нем и что говорит это Наполеон. Он слышал, как называли sire 5 того, кто сказал эти слова. Но он слышал эти слова, как бы он слышал жужжание мухи. Он не только не интересовался ими, но он и не заметил, а тотчас же забыл их. Ему жгло голову; он чувствовал, что он исходит кровью, и он видел над собою далекое, высокое и вечное небо. Он знал, что это был Наполеон — его герой, но в эту минуту Наполеон казался ему столь маленьким, ничтожным человеком в сравнении с тем, что происходило теперь между его душой и этим высоким, бесконечным небом с бегущими по нем облаками. Ему было совершенно все равно в эту минуту, кто бы ни стоял над ним, что бы ни говорил о нем; он рад был только тому, что остановились над ним люди, и желал только, чтоб эти люди помогли ему и возвратили бы его к жизни, которая казалась ему столь прекрасною, потому что он так иначе понимал ее теперь. Он собрал все свои силы, чтобы пошевелиться и произвести какой-нибудь звук. Он слабо пошевелил ногою и произвел самого его разжалобивший, слабый, болезненный стон.","Князь Андрей понял, что это было сказано о нем и что говорит это Наполеон. Он слышал, как называли sire 5 того, кто сказал эти слова. Но он слышал эти слова, как бы он слышал жужжание мухи. Он не только не интересовался ими, но он и не заметил, а тотчас же забыл их. Ему жгло голову; он чувствовал, что он исходит кровью, и он видел над собою далекое, высокое и вечное небо. Он знал, что это был Наполеон — его герой, но в эту минуту Наполеон казался ему столь маленьким, ничтожным человеком в сравнении с тем, что происходило теперь между его душой и этим высоким, бесконечным небом с бегущими по нем облаками. Ему было совершенно все равно в эту минуту, кто бы ни стоял над ним, что бы ни говорил о нем; он РАД был только тому, что остановились над ним люди, и желал только, чтоб эти люди помогли ему и возвратили бы его к жизни, которая казалась ему столь прекрасною, потому что он так иначе понимал ее теперь. Он собрал все свои силы, чтобы пошевелиться и произвести какой-нибудь звук. Он слабо пошевелил ногою и произвел самого его разжалобивший, слабый, болезненный стон.",Андрей Болконский
Том первый,Часть третья,XIX,65,"Несмотря на то, что за пять минут перед этим князь Андрей мог сказать несколько слов солдатам, переносившим его, он теперь, прямо устремив свои глаза на Наполеона, молчал... Ему так ничтожны казались в эту минуту все интересы, занимавшие Наполеона, так мелочен казался ему сам герой его, с этим мелким тщеславием и радостью победы, в сравнении с тем высоким, справедливым и добрым небом, которое он видел и понял, — что он не мог отвечать ему.","Несмотря на то, что за пять минут перед этим князь Андрей мог сказать несколько слов солдатам, переносившим его, он теперь, прямо устремив свои глаза на Наполеона, молчал... Ему так ничтожны казались в эту минуту все интересы, занимавшие Наполеона, так мелочен казался ему сам герой его, с этим мелким тщеславием и РАДОСТЬЮ победы, в сравнении с тем высоким, справедливым и добрым небом, которое он видел и понял, — что он не мог отвечать ему.",Андрей Болконский
Том первый,Часть первая,II,2,"— C'est bien aimable à vous, monsieur Pierre, d'être venu voir une pauvre malade 9, — сказала ему Анна Павловна, испуганно переглядываясь с тетушкой, к которой она подводила его. Пьер пробурлил что-то непонятное и продолжал отыскивать что-то глазами. Он радостно, весело улыбнулся, кланяясь маленький княгине, как близкой знакомой, и подошел к тетушке. Страх Анны Павловны был не напрасен, потому что Пьер, не дослушав речи тетушки о здоровье ее величества, отошел от нее. Анна Павловна испуганно остановила его словами:","— C'est bien aimable à vous, monsieur Pierre, d'être venu voir une pauvre malade 9, — сказала ему Анна Павловна, испуганно переглядываясь с тетушкой, к которой она подводила его. Пьер пробурлил что-то непонятное и продолжал отыскивать что-то глазами. Он РАДОСТНО, весело улыбнулся, кланяясь маленький княгине, как близкой знакомой, и подошел к тетушке. Страх Анны Павловны был не напрасен, потому что Пьер, не дослушав речи тетушки о здоровье ее величества, отошел от нее. Анна Павловна испуганно остановила его словами:",Пьер Безухов
Том первый,Часть первая,III,3,"Князь Андрей зажмурился и отвернулся. Пьер, со времени входа князя Андрея в гостиную не спускавший с него радостных, дружелюбных глаз, подошел к нему и взял его за руку. Князь Андрей, не оглядываясь, сморщил лицо в гримасу, выражавшую досаду на того, кто трогает его за руку, но, увидав улыбающееся лицо Пьера, улыбнулся неожиданно-доброй и приятной улыбкой.","Князь Андрей зажмурился и отвернулся. Пьер, со времени входа князя Андрея в гостиную не спускавший с него РАДОСТНЫХ, дружелюбных глаз, подошел к нему и взял его за руку. Князь Андрей, не оглядываясь, сморщил лицо в гримасу, выражавшую досаду на того, кто трогает его за руку, но, увидав улыбающееся лицо Пьера, улыбнулся неожиданно-доброй и приятной улыбкой.",Пьер Безухов
Том первый,Часть первая,XIII,13,"— А! Граф Ростов! — радостно заговорил Пьер. — Так вы его сын, Илья. Я, можете себе представить, в первую минуту не узнал вас. Помните, как мы на Воробьевы горы ездили с m-me Jacquot... давно.","— А! Граф Ростов! — РАДОСТНО заговорил Пьер. — Так вы его сын, Илья. Я, можете себе представить, в первую минуту не узнал вас. Помните, как мы на Воробьевы горы ездили с m-me Jacquot... давно.",Пьер Безухов
Том первый,Часть первая,XIII,13,"— Я рад, что высказал все. Может быть, вам неприятно, вы меня извините, — сказал он, успокоивая Пьера, вместо того чтоб быть успокоиваемым им, — но я надеюсь, что не оскорбил вас. Я имею правило говорить все прямо... Как же мне передать? Вы приедете обедать к Ростовым?","— Я РАД, что высказал все. Может быть, вам неприятно, вы меня извините, — сказал он, успокоивая Пьера, вместо того чтоб быть успокоиваемым им, — но я надеюсь, что не оскорбил вас. Я имею правило говорить все прямо... Как же мне передать? Вы приедете обедать к Ростовым?",Пьер Безухов
Том первый,Часть первая,XIII,13,"— Нет, послушайте, — сказал Пьер, успокоиваясь. — Вы удивительный человек. То, что вы сейчас сказали, очень хорошо, очень хорошо. Разумеется, вы меня не знаете. Мы так давно не видались... детьми еще... Вы можете предполагать во мне... Я вас понимаю, очень понимаю. Я бы этого не сделал, у меня недостало бы духу, но это прекрасно. Я очень рад, что познакомился с вами. Странно, — прибавил он, помолчав и улыбаясь, — что вы во мне предполагали! — Он засмеялся. — Ну, да что ж? Мы познакомимся с вами лучше. Пожалуйста. — Он пожал руку Борису. — Вы знаете ли, я ни разу не был у графа. Он меня не звал... Мне его жалко, как человека... Но что же делать?","— Нет, послушайте, — сказал Пьер, успокоиваясь. — Вы удивительный человек. То, что вы сейчас сказали, очень хорошо, очень хорошо. Разумеется, вы меня не знаете. Мы так давно не видались... детьми еще... Вы можете предполагать во мне... Я вас понимаю, очень понимаю. Я бы этого не сделал, у меня недостало бы духу, но это прекрасно. Я очень РАД, что познакомился с вами. Странно, — прибавил он, помолчав и улыбаясь, — что вы во мне предполагали! — Он засмеялся. — Ну, да что ж? Мы познакомимся с вами лучше. Пожалуйста. — Он пожал руку Борису. — Вы знаете ли, я ни разу не был у графа. Он меня не звал... Мне его жалко, как человека... Но что же делать?",Пьер Безухов
Том первый,Часть первая,XXI,21,"Она провела его в темную гостиную, и Пьер рад был, что никто там не видел его лица. Анна Михайловна ушла от него, и, когда она вернулась, он, подложив под голову руку, спал крепким сном.","Она провела его в темную гостиную, и Пьер РАД был, что никто там не видел его лица. Анна Михайловна ушла от него, и, когда она вернулась, он, подложив под голову руку, спал крепким сном.",Пьер Безухов
Том первый,Часть третья,I,47,"Элен улыбнулась с таким видом, который говорил, что она не допускала возможности, чтобы кто-либо мог видеть ее и не быть восхищенным. Тетушка прокашлялась, проглотила слюни и по-французски сказала, что она очень рада видеть Элен; потом обратилась к Пьеру с тем же приветствием и с той же миной. В середине скучливого и спотыкающегося разговора Элен оглянулась на Пьера и улыбнулась ему той улыбкой, ясной, красивой, которой она улыбалась всем. Пьер так привык к этой улыбке, так мало она выражала для него, что он не обратил на нее никакого внимания. Тетушка говорила в это время о коллекции табакерок, которая была у покойного отца Пьера, графа Безухова, и показала свою табакерку. Княжна Элен попросила посмотреть портрет мужа тетушки, который был сделан на этой табакерке.","Элен улыбнулась с таким видом, который говорил, что она не допускала возможности, чтобы кто-либо мог видеть ее и не быть восхищенным. Тетушка прокашлялась, проглотила слюни и по-французски сказала, что она очень РАДА видеть Элен; потом обратилась к Пьеру с тем же приветствием и с той же миной. В середине скучливого и спотыкающегося разговора Элен оглянулась на Пьера и улыбнулась ему той улыбкой, ясной, красивой, которой она улыбалась всем. Пьер так привык к этой улыбке, так мало она выражала для него, что он не обратил на нее никакого внимания. Тетушка говорила в это время о коллекции табакерок, которая была у покойного отца Пьера, графа Безухова, и показала свою табакерку. Княжна Элен попросила посмотреть портрет мужа тетушки, который был сделан на этой табакерке.",Пьер Безухов
Том первый,Часть третья,I,47,"Элен улыбнулась с таким видом, который говорил, что она не допускала возможности, чтобы кто-либо мог видеть ее и не быть восхищенным. Тетушка прокашлялась, проглотила слюни и по-французски сказала, что она очень рада видеть Элен; потом обратилась к Пьеру с тем же приветствием и с той же миной. В середине скучливого и спотыкающегося разговора Элен оглянулась на Пьера и улыбнулась ему той улыбкой, ясной, красивой, которой она улыбалась всем. Пьер так привык к этой улыбке, так мало она выражала для него, что он не обратил на нее никакого внимания. Тетушка говорила в это время о коллекции табакерок, которая была у покойного отца Пьера, графа Безухова, и показала свою табакерку. Княжна Элен попросила посмотреть портрет мужа тетушки, который был сделан на этой табакерке.","Элен улыбнулась с таким видом, который говорил, что она не допускала возможности, чтобы кто-либо мог видеть ее и не быть восхищенным. Тетушка прокашлялась, проглотила слюни и по-французски сказала, что она очень РАДА видеть Элен; потом обратилась к Пьеру с тем же приветствием и с той же миной. В середине скучливого и спотыкающегося разговора Элен оглянулась на Пьера и улыбнулась ему той улыбкой, ясной, красивой, которой она улыбалась всем. Пьер так привык к этой улыбке, так мало она выражала для него, что он не обратил на нее никакого внимания. Тетушка говорила в это время о коллекции табакерок, которая была у покойного отца Пьера, графа Безухова, и показала свою табакерку. Княжна Элен попросила посмотреть портрет мужа тетушки, который был сделан на этой табакерке.",Пьер Безухов
Том первый,Часть третья,II,48,"Она обращалась к нему всегда с радостной, доверчивой, к нему одному относившейся улыбкой, в которой было что-то значительнее того, что было в общей улыбке, украшавшей всегда ее лицо. Пьер знал, что все ждут только того, чтобы он, наконец, сказал одно слово, переступил через известную черту, и он знал, что он рано или поздно переступит через нее; но какой-то непонятный ужас охватывал его при одной мысли об этом страшном шаге. Тысячи раз в продолжение этого полутора месяца, во время которого он чувствовал себя все дальше и дальше втягиваемым в ту страшившую его пропасть, Пьер говорил себе: «Да что ж это? Нужна решимость! Разве нет у меня ее?»","Она обращалась к нему всегда с РАДОСТНОЙ, доверчивой, к нему одному относившейся улыбкой, в которой было что-то значительнее того, что было в общей улыбке, украшавшей всегда ее лицо. Пьер знал, что все ждут только того, чтобы он, наконец, сказал одно слово, переступил через известную черту, и он знал, что он рано или поздно переступит через нее; но какой-то непонятный ужас охватывал его при одной мысли об этом страшном шаге. Тысячи раз в продолжение этого полутора месяца, во время которого он чувствовал себя все дальше и дальше втягиваемым в ту страшившую его пропасть, Пьер говорил себе: «Да что ж это? Нужна решимость! Разве нет у меня ее?»",Пьер Безухов
Том первый,Часть третья,II,48,"Князь Василий нахмурился, сморщил рот на сторону, щеки его запрыгали с свойственным ему неприятным, грубым выражением; он, встряхнувшись, встал, закинул назад голову и решительными шагами, мимо дам, прошел в маленькую гостиную. Он скорыми шагами, радостно подошел к Пьеру. Лицо князя было так необыкновенно-торжественно, что Пьер испуганно встал, увидав его.","Князь Василий нахмурился, сморщил рот на сторону, щеки его запрыгали с свойственным ему неприятным, грубым выражением; он, встряхнувшись, встал, закинул назад голову и решительными шагами, мимо дам, прошел в маленькую гостиную. Он скорыми шагами, РАДОСТНО подошел к Пьеру. Лицо князя было так необыкновенно-торжественно, что Пьер испуганно встал, увидав его.",Пьер Безухов
Том первый,Часть третья,II,48,"— Слава Богу! — сказал он. — Жена мне все сказала! — Он обнял одною рукой Пьера, другою — дочь. — Друг мой Леля! Я очень, очень рад. — Голос его задрожал. — Я любил твоего отца... и она будет тебе хорошая жена... Бог да благословит вас!..","— Слава Богу! — сказал он. — Жена мне все сказала! — Он обнял одною рукой Пьера, другою — дочь. — Друг мой Леля! Я очень, очень РАД. — Голос его задрожал. — Я любил твоего отца... и она будет тебе хорошая жена... Бог да благословит вас!..",Пьер Безухов
Том первый,Часть первая,XIII,13,"— А! Граф Ростов! — радостно заговорил Пьер. — Так вы его сын, Илья. Я, можете себе представить, в первую минуту не узнал вас. Помните, как мы на Воробьевы горы ездили с m-me Jacquot... давно.","— А! Граф Ростов! — РАДОСТНО заговорил Пьер. — Так вы его сын, Илья. Я, можете себе представить, в первую минуту не узнал вас. Помните, как мы на Воробьевы горы ездили с m-me Jacquot... давно.",Николай Ростов
Том первый,Часть первая,XVII,17,"— Тебе хорошо... я не завидую... я тебя люблю, и Бориса тоже, — говорила она, собравшись немного с силами, — он милый... для вас нет препятствий. А Николай мне cousin... надобно... сам митрополит... и то нельзя. И потом, ежели маменьке (Соня графиню и считала и называла матерью)... она скажет, что я порчу карьеру Николая, у меня нет сердца, что я неблагодарная, а право... вот ей-богу (она перекрестилась)... я так люблю и ее и всех вас, только Вера одна... За что? Что я ей сделала? Я так благодарна вам, что рада бы всем пожертвовать, да мне нечем...","— Тебе хорошо... я не завидую... я тебя люблю, и Бориса тоже, — говорила она, собравшись немного с силами, — он милый... для вас нет препятствий. А Николай мне cousin... надобно... сам митрополит... и то нельзя. И потом, ежели маменьке (Соня графиню и считала и называла матерью)... она скажет, что я порчу карьеру Николая, у меня нет сердца, что я неблагодарная, а право... вот ей-богу (она перекрестилась)... я так люблю и ее и всех вас, только Вера одна... За что? Что я ей сделала? Я так благодарна вам, что РАДА бы всем пожертвовать, да мне нечем...",Николай Ростов
Том первый,Часть вторая,IV,29,"Ростов сам так же, как немец, взмахнул фуражкой над головой и, смеясь, закричал: «Und vivat die ganze Welt!» Хотя не было никакой причины к особенной радости ни для немца, вычищавшего свой коровник, ни для Ростова, ездившего со взводом за сеном, оба человека эти с счастливым восторгом и братскою любовью посмотрели друг на друга, потрясли головами в знак взаимной любви и, улыбаясь, разошлись — немец в коровник, а Ростов в избу, которую занимал с Денисовым.","Ростов сам так же, как немец, взмахнул фуражкой над головой и, смеясь, закричал: «Und vivat die ganze Welt!» Хотя не было никакой причины к особенной РАДОСТИ ни для немца, вычищавшего свой коровник, ни для Ростова, ездившего со взводом за сеном, оба человека эти с счастливым восторгом и братскою любовью посмотрели друг на друга, потрясли головами в знак взаимной любви и, улыбаясь, разошлись — немец в коровник, а Ростов в избу, которую занимал с Денисовым.",Николай Ростов
Том первый,Часть вторая,IV,29,"Но эти слова звучали жалобным, отчаянным криком и мольбой о прощении. Как только Ростов услыхал этот звук голоса, с души его свалился огромный камень сомнения. Он почувствовал радость, и в то же мгновение ему стало жалко несчастного, стоявшего перед ним человека; но надо было до конца довести начатое дело.","Но эти слова звучали жалобным, отчаянным криком и мольбой о прощении. Как только Ростов услыхал этот звук голоса, с души его свалился огромный камень сомнения. Он почувствовал РАДОСТЬ, и в то же мгновение ему стало жалко несчастного, стоявшего перед ним человека; но надо было до конца довести начатое дело.",Николай Ростов
Том первый,Часть третья,X,56,"На заре 16-го числа эскадрон Денисова, в котором служил Николай Ростов и который был в отряде князя Багратиона, двинулся с ночлега в дело, как говорили, и, пройдя около версты позади других колонн, был остановлен на большой дороге. Ростов видел, как мимо его прошли вперед казаки, 1-й и 2-й эскадрон гусар, пехотные батальоны с артиллерией и проехали генералы Багратион и Долгоруков с адъютантами. Весь страх, который он, как и прежде, испытывал перед делом, вся внутренняя борьба, посредством которой он преодолевал этот страх, все его мечтания о том, как он по-гусарски отличится в этом деле, — пропали даром. Эскадрон их был оставлен в резерве, и Николай Ростов скучно и тоскливо провел этот день. В девятом часу утра он услыхал пальбу впереди себя, крики «ура», видел привозимых назад раненых (их было немного) и, наконец, видел, как в середине сотни казаков провели целый отряд французских кавалеристов. Очевидно, дело было кончено, и дело было, очевидно, небольшое, но счастливое. Проходившие назад солдаты и офицеры рассказывали о блестящей победе, о занятии города Вишау и взятии в плен целого французского эскадрона. День был ясный, солнечный, после сильного ночного заморозка, и веселый блеск осеннего дня совпадал с известием о победе, которое передавали не только рассказы участвовавших в нем, но и радостное выражение лиц солдат, офицеров, генералов и адъютантов, ехавших туда и оттуда мимо Ростова. Тем больнее щемило сердце Николая, напрасно перестрадавшего весь страх, предшествующий сражению, и пробывшего этот веселый день в бездействии.","На заре 16-го числа эскадрон Денисова, в котором служил Николай Ростов и который был в отряде князя Багратиона, двинулся с ночлега в дело, как говорили, и, пройдя около версты позади других колонн, был остановлен на большой дороге. Ростов видел, как мимо его прошли вперед казаки, 1-й и 2-й эскадрон гусар, пехотные батальоны с артиллерией и проехали генералы Багратион и Долгоруков с адъютантами. Весь страх, который он, как и прежде, испытывал перед делом, вся внутренняя борьба, посредством которой он преодолевал этот страх, все его мечтания о том, как он по-гусарски отличится в этом деле, — пропали даром. Эскадрон их был оставлен в резерве, и Николай Ростов скучно и тоскливо провел этот день. В девятом часу утра он услыхал пальбу впереди себя, крики «ура», видел привозимых назад раненых (их было немного) и, наконец, видел, как в середине сотни казаков провели целый отряд французских кавалеристов. Очевидно, дело было кончено, и дело было, очевидно, небольшое, но счастливое. Проходившие назад солдаты и офицеры рассказывали о блестящей победе, о занятии города Вишау и взятии в плен целого французского эскадрона. День был ясный, солнечный, после сильного ночного заморозка, и веселый блеск осеннего дня совпадал с известием о победе, которое передавали не только рассказы участвовавших в нем, но и РАДОСТНОЕ выражение лиц солдат, офицеров, генералов и адъютантов, ехавших туда и оттуда мимо Ростова. Тем больнее щемило сердце Николая, напрасно перестрадавшего весь страх, предшествующий сражению, и пробывшего этот веселый день в бездействии.",Николай Ростов
Том первый,Часть третья,X,56,"На заре 16-го числа эскадрон Денисова, в котором служил Николай Ростов и который был в отряде князя Багратиона, двинулся с ночлега в дело, как говорили, и, пройдя около версты позади других колонн, был остановлен на большой дороге. Ростов видел, как мимо его прошли вперед казаки, 1-й и 2-й эскадрон гусар, пехотные батальоны с артиллерией и проехали генералы Багратион и Долгоруков с адъютантами. Весь страх, который он, как и прежде, испытывал перед делом, вся внутренняя борьба, посредством которой он преодолевал этот страх, все его мечтания о том, как он по-гусарски отличится в этом деле, — пропали даром. Эскадрон их был оставлен в резерве, и Николай Ростов скучно и тоскливо провел этот день. В девятом часу утра он услыхал пальбу впереди себя, крики «ура», видел привозимых назад раненых (их было немного) и, наконец, видел, как в середине сотни казаков провели целый отряд французских кавалеристов. Очевидно, дело было кончено, и дело было, очевидно, небольшое, но счастливое. Проходившие назад солдаты и офицеры рассказывали о блестящей победе, о занятии города Вишау и взятии в плен целого французского эскадрона. День был ясный, солнечный, после сильного ночного заморозка, и веселый блеск осеннего дня совпадал с известием о победе, которое передавали не только рассказы участвовавших в нем, но и радостное выражение лиц солдат, офицеров, генералов и адъютантов, ехавших туда и оттуда мимо Ростова. Тем больнее щемило сердце Николая, напрасно перестрадавшего весь страх, предшествующий сражению, и пробывшего этот веселый день в бездействии.","На заре 16-го числа эскадрон Денисова, в котором служил Николай Ростов и который был в отряде князя Багратиона, двинулся с ночлега в дело, как говорили, и, пройдя около версты позади других колонн, был остановлен на большой дороге. Ростов видел, как мимо его прошли вперед казаки, 1-й и 2-й эскадрон гусар, пехотные батальоны с артиллерией и проехали генералы Багратион и Долгоруков с адъютантами. Весь страх, который он, как и прежде, испытывал перед делом, вся внутренняя борьба, посредством которой он преодолевал этот страх, все его мечтания о том, как он по-гусарски отличится в этом деле, — пропали даром. Эскадрон их был оставлен в резерве, и Николай Ростов скучно и тоскливо провел этот день. В девятом часу утра он услыхал пальбу впереди себя, крики «ура», видел привозимых назад раненых (их было немного) и, наконец, видел, как в середине сотни казаков провели целый отряд французских кавалеристов. Очевидно, дело было кончено, и дело было, очевидно, небольшое, но счастливое. Проходившие назад солдаты и офицеры рассказывали о блестящей победе, о занятии города Вишау и взятии в плен целого французского эскадрона. День был ясный, солнечный, после сильного ночного заморозка, и веселый блеск осеннего дня совпадал с известием о победе, которое передавали не только рассказы участвовавших в нем, но и РАДОСТНОЕ выражение лиц солдат, офицеров, генералов и адъютантов, ехавших туда и оттуда мимо Ростова. Тем больнее щемило сердце Николая, напрасно перестрадавшего весь страх, предшествующий сражению, и пробывшего этот веселый день в бездействии.",Николай Ростов
Том первый,Часть третья,X,56,"Ростов не помнил и не чувствовал, как он добежал до своего места и сел на лошадь. Мгновенно прошло его сожаление о неучастии в деле, его будничное расположение духа в кругу приглядевшихся лиц, мгновенно исчезла всякая мысль о себе: он весь поглощен был чувством счастия, происходящего от близости государя. Он чувствовал себя одною этою близостью вознагражденным за потерю нынешнего дня. Он был счастлив, как любовник, дождавшийся ожидаемого свидания. Не смея оглядываться во фронте и не оглядываясь, он чувствовал восторженным чутьем его приближение. И он чувствовал это не по одному звуку копыт лошадей приближавшейся кавалькады, но он чувствовал это потому, что по мере приближения все светлее, радостнее и значительнее и праздничнее делалось вокруг него. Все ближе и ближе подвигалось это солнце для Ростова, распространяя вокруг себя лучи кроткого и величественного света, и вот он уже чувствует себя захваченным этими лучами, он слышит его голос — этот ласковый, спокойный, величественный и вместе с тем столь простой голос. Как и должно было быть по чувству Ростова, наступила мертвая тишина, и в этой тишине раздались звуки голоса государя.","Ростов не помнил и не чувствовал, как он добежал до своего места и сел на лошадь. Мгновенно прошло его сожаление о неучастии в деле, его будничное расположение духа в кругу приглядевшихся лиц, мгновенно исчезла всякая мысль о себе: он весь поглощен был чувством счастия, происходящего от близости государя. Он чувствовал себя одною этою близостью вознагражденным за потерю нынешнего дня. Он был счастлив, как любовник, дождавшийся ожидаемого свидания. Не смея оглядываться во фронте и не оглядываясь, он чувствовал восторженным чутьем его приближение. И он чувствовал это не по одному звуку копыт лошадей приближавшейся кавалькады, но он чувствовал это потому, что по мере приближения все светлее, РАДОСТНЕЕ и значительнее и праздничнее делалось вокруг него. Все ближе и ближе подвигалось это солнце для Ростова, распространяя вокруг себя лучи кроткого и величественного света, и вот он уже чувствует себя захваченным этими лучами, он слышит его голос — этот ласковый, спокойный, величественный и вместе с тем столь простой голос. Как и должно было быть по чувству Ростова, наступила мертвая тишина, и в этой тишине раздались звуки голоса государя.",Николай Ростов
